{"cameraMode":{"drawMode":0,"name":"Shaded","section":"Shading Mode"},"sceneLighting":false,"audioPlay":false,"sceneViewState":{"showFog":false,"showMaterialUpdate":true,"showSkybox":false,"showFlares":false,"showImageEffects":false,"showParticleSystems":false},"in2DMode":false,"pivot":{"x":-0.19599837064743043,"y":10.499788284301758,"z":0.2743431627750397},"rotation":{"x":0.07519730925559998,"y":0.9174597859382629,"z":-0.21259328722953797,"w":0.32845988869667055},"size":2.1453797817230226,"orthographic":false}