{"cameraMode":{"drawMode":0,"name":"Shaded","section":"Shading Mode"},"sceneLighting":true,"audioPlay":false,"sceneViewState":{"showFog":false,"showMaterialUpdate":true,"showSkybox":true,"showFlares":false,"showImageEffects":false,"showParticleSystems":false},"in2DMode":false,"pivot":{"x":250.5831298828125,"y":49.37347412109375,"z":215.8241424560547},"rotation":{"x":0.02326192520558834,"y":-0.9775075912475586,"z":0.1737874150276184,"w":0.1237102746963501},"size":11.9126615524292,"orthographic":false}