{"cameraMode":{"drawMode":0,"name":"Shaded","section":"Shading Mode"},"sceneLighting":false,"audioPlay":false,"sceneViewState":{"showFog":false,"showMaterialUpdate":true,"showSkybox":false,"showFlares":false,"showImageEffects":false,"showParticleSystems":false},"in2DMode":false,"pivot":{"x":-23.055999755859376,"y":10.149787902832032,"z":-22.91565704345703},"rotation":{"x":0.21300815045833589,"y":-0.28679606318473818,"z":0.06456145644187927,"w":0.9320316910743713},"size":2.1453804969787599,"orthographic":false}