{"cameraMode":{"drawMode":0,"name":"Shaded","section":"Shading Mode"},"sceneLighting":false,"audioPlay":false,"sceneViewState":{"showFog":false,"showMaterialUpdate":true,"showSkybox":false,"showFlares":false,"showImageEffects":false,"showParticleSystems":false},"in2DMode":false,"pivot":{"x":-23.109516143798829,"y":9.55604076385498,"z":-22.878787994384767},"rotation":{"x":0.09820926189422608,"y":-0.8191590309143066,"z":0.14548668265342713,"w":0.5464830994606018},"size":2.8237171173095705,"orthographic":false}