{"cameraMode":{"drawMode":0,"name":"Shaded","section":"Shading Mode"},"sceneLighting":false,"audioPlay":false,"sceneViewState":{"showFog":false,"showMaterialUpdate":true,"showSkybox":false,"showFlares":false,"showImageEffects":false,"showParticleSystems":false},"in2DMode":false,"pivot":{"x":12.068225860595704,"y":11.688187599182129,"z":-26.083017349243165},"rotation":{"x":-0.13090845942497254,"y":0.7859763503074646,"z":-0.17469723522663117,"w":-0.5797275304794312},"size":0.4037620723247528,"orthographic":false}