{"cameraMode":{"drawMode":0,"name":"Shaded","section":"Shading Mode"},"sceneLighting":false,"audioPlay":false,"sceneViewState":{"showFog":false,"showMaterialUpdate":true,"showSkybox":false,"showFlares":false,"showImageEffects":false,"showParticleSystems":false},"in2DMode":false,"pivot":{"x":-9.254551887512207,"y":0.9426940679550171,"z":3.3050930500030519},"rotation":{"x":0.0035521655809134247,"y":0.9787014126777649,"z":-0.20798751711845399,"w":0.016308283433318139},"size":1.6445872783660889,"orthographic":false}