{"cameraMode":{"drawMode":0,"name":"Shaded","section":"Shading Mode"},"sceneLighting":false,"audioPlay":false,"sceneViewState":{"showFog":false,"showMaterialUpdate":true,"showSkybox":false,"showFlares":false,"showImageEffects":false,"showParticleSystems":false},"in2DMode":false,"pivot":{"x":-20.518564224243165,"y":0.5506010055541992,"z":-46.7618522644043},"rotation":{"x":0.07299406826496124,"y":-0.8589547276496887,"z":0.12472175806760788,"w":0.49280065298080447},"size":19.889156341552736,"orthographic":false}