{"cameraMode":{"drawMode":0,"name":"Shaded","section":"Shading Mode"},"sceneLighting":false,"audioPlay":false,"sceneViewState":{"showFog":false,"showMaterialUpdate":true,"showSkybox":false,"showFlares":false,"showImageEffects":false,"showParticleSystems":false},"in2DMode":false,"pivot":{"x":10.11532211303711,"y":10.922348976135254,"z":-28.91553497314453},"rotation":{"x":0.07299406826496124,"y":-0.8589547276496887,"z":0.12472175806760788,"w":0.49280065298080447},"size":0.3688596189022064,"orthographic":false}