{"cameraMode":{"drawMode":0,"name":"Shaded","section":"Shading Mode"},"sceneLighting":false,"audioPlay":false,"sceneViewState":{"showFog":false,"showMaterialUpdate":true,"showSkybox":false,"showFlares":false,"showImageEffects":false,"showParticleSystems":false},"in2DMode":false,"pivot":{"x":-3.550111770629883,"y":1.0828092098236085,"z":2.4766650199890138},"rotation":{"x":0.0035521655809134247,"y":0.9787014126777649,"z":-0.20798751711845399,"w":0.016308283433318139},"size":3.4652295112609865,"orthographic":false}