{"cameraMode":{"drawMode":0,"name":"Shaded","section":"Shading Mode"},"sceneLighting":false,"audioPlay":false,"sceneViewState":{"showFog":false,"showMaterialUpdate":true,"showSkybox":false,"showFlares":false,"showImageEffects":false,"showParticleSystems":false},"in2DMode":false,"pivot":{"x":-0.24336105585098267,"y":11.503273010253907,"z":19.79055404663086},"rotation":{"x":0.008742175996303559,"y":0.9620954394340515,"z":-0.27342575788497927,"w":0.03046700730919838},"size":1.644587755203247,"orthographic":false}