{"cameraMode":{"drawMode":0,"name":"Shaded","section":"Shading Mode"},"sceneLighting":false,"audioPlay":false,"sceneViewState":{"showFog":false,"showMaterialUpdate":true,"showSkybox":false,"showFlares":false,"showImageEffects":false,"showParticleSystems":false},"in2DMode":false,"pivot":{"x":-6.623961925506592,"y":0.20984268188476563,"z":0.619206428527832},"rotation":{"x":0.04106545448303223,"y":0.9597017765045166,"z":-0.19492124021053315,"w":0.20170611143112184},"size":6.464115142822266,"orthographic":false}