{"cameraMode":{"drawMode":0,"name":"Shaded","section":"Shading Mode"},"sceneLighting":false,"audioPlay":false,"sceneViewState":{"showFog":false,"showMaterialUpdate":true,"showSkybox":false,"showFlares":false,"showImageEffects":false,"showParticleSystems":false},"in2DMode":false,"pivot":{"x":0.135748028755188,"y":1.0828092098236085,"z":-0.10004854202270508},"rotation":{"x":-0.04018186777830124,"y":0.954308807849884,"z":-0.2588953673839569,"w":-0.14847595989704133},"size":3.4652295112609865,"orthographic":false}