{"cameraMode":{"drawMode":0,"name":"Shaded","section":"Shading Mode"},"sceneLighting":false,"audioPlay":false,"sceneViewState":{"showFog":false,"showMaterialUpdate":true,"showSkybox":false,"showFlares":false,"showImageEffects":false,"showParticleSystems":false},"in2DMode":false,"pivot":{"x":0.15574213862419129,"y":1.0828142166137696,"z":-1.5130455493927003},"rotation":{"x":0.10236026346683502,"y":-0.6295560598373413,"z":0.0841524675488472,"w":0.7656053304672241},"size":3.46523380279541,"orthographic":false}